{"_score":13125064,"_weights":[0.7442875772902271,0.0957800079116663,0.1923054480684281,-0.357622963984605,-0.5753009745834166,-0.1303978049451866,-0.6273454557593539,0.835325636824279,1.0114239496000619,0.18281670824944275,0.03446687982359109,0.5067599468438324,-0.3649257809691717,0.9127415455471453,0.27401658277318988,0.11597568333001762,0.4672955057897119,-0.3710846019957499,-1.0580723414404663,1.4800612841799428,0.36226256452848828,0.9754972727581852,-1.288723165137516,0.098605332652979,0.6467741651734689,-1.7949593103698983,0.7873927484207752,0.8659469382213181,-0.18018883127178543,0.7864060717115882,1.7530312118443153,-0.29186058757250268,0.24636948460265274,0.29368605261744609,0.4299775541958718,0.15568675609792294,0.38629682239812848,0.6047411718265905,0.015197733889891652,-0.20313634530828063,0.38277647604761647,0.5807822594024104,0.649075860752339,-0.28199836843272477,0.09271726901303845,-0.1199260013233574,0.3430606033256698,-1.0313851619100423,0.14042657779808666,-0.79469862105078,-0.6826594424957904,-0.05342517017223447,0.05294136547613615,-0.8097041910305135,0.9703441811587401,0.5684086480823629,0.0313639228381688,-0.22752606832772782,1.1273084598967014,-0.06794703056474549,-0.3144742359008986,-1.222389137255566,0.8667854656776346,-1.2521918052468598,0.3775202098197863,-0.9572654223887487,-0.1861038644833436,-0.42958563814268127,-1.152467401622322,1.352415244976404,-1.6099482531954146,0.02930067355972077,0.6389964975598252,-0.3973010887379298,0.0011970843194037962,-0.6700879621346315,0.41408476180420619,0.2974981884896064,-0.8374788834887924,0.02862885362870471,-0.3014276099565717,0.7399519261074246,0.8541149729627078,-1.284580950545772,0.5411835802291167,-0.8438774914597504,-0.9390260316147591,-0.0652195540253897,-0.53720903946914,-0.47144336056391047,0.6914134936832885,-0.930627024694907,1.1434469333718,-0.5173001658609291,1.0089425209798993,-0.6468497371282588,-0.762281880659571,0.957735448863454,-0.05819283475083892,-0.5455534130081318,1.1390420924815077,1.0280071365575765,0.00296219588420521,-0.17516682812803986,-0.40355867975490669,-0.4874407943328991,-0.595110925483724,-0.5118303249451921,0.7903399967586799,-1.7536968690893958,0.5978524849083939,0.8565732687043832,-0.9544316716279983,0.451128163908334,-0.6284509895572671,0.08230045291468491,-0.4528562556731839,0.3106965653628704,-1.110561505792252,-0.38193779420222309,-0.35491890413345286,-0.19856995774041609,0.5835784077006045,0.8063929187924219,0.15758817958508754,0.24184995118114739,-0.7960549452323722,-0.9238284099683363,-0.3367999064329711,0.4665624867590301,-0.5911217413801335,-0.43340017979856096,0.4970823393335324,-0.633776140228741,-0.4494629631980629,-0.28574640643119178,0.6822585489320472,-0.14337998145259013,0.12205558764857383,-0.36876749404183009,-0.30609917537365086,-0.48581763529813629,-0.5173232215086416,-0.317470825922463,-0.6502029139782315,0.7851093138234253,0.04848063710394168,-0.23860586948595176,0.19764912277350622,0.03261240821823064,-0.0338878273176082,0.20957117278180394,-0.881105544572756,0.148672084858954,-0.8892334958723924,0.04135828880140435,-0.00045313955576875564,0.5727125488094578,0.9393938304001266,-0.825431220233422,-0.9105383353281191,0.4238552478116109,-0.561630082087343,0.27120853669288227,-0.31439608376839148,0.9636316596692007,-0.16962983048038084,-0.35113633941298719,0.24054403008918458,-0.2533278134343606,-0.519069800648705,0.4619651015205146,0.44572649514016118,0.04694503696695396,-1.0865997412437996,-0.23702142703215335,0.015583657201185597,0.36736335762188,0.7289962792822291,-0.20615878089314378,-0.4619747293939538,0.8695379001412251,-0.11134635812400962,-1.4215513728487222,-1.466192327439729,-0.08014779969109731,-1.0872306655849307,-0.5783299913528981,-0.7610794602712054,-0.29196790856073975,-0.6704267075583478,0.14605125651976626,0.06019575198190097,0.7187864741280041,0.444683084005808,-1.2363602955569893,0.674652804620256,0.3687390401434656,-1.0840264031238807,-0.5931160382266695,-0.5267562034224084,0.3462925364432594,0.06971893881900182,0.6671298065500422,-0.43256521105420089,-0.6436716472269498,-0.4409919415202598,-0.694873122281461,0.3523209855669742,-0.35729409143334137,-1.0069451833409114,0.16658657383385767,0.4244633891733658,-1.289055632400093,0.6449642459139993,0.13618575711322168,-1.0716312871859868,0.054339603080572288,-0.43532815176776065,-1.2789883985542657,0.7809301417677244,0.6763978364939605,0.5881353482925591,-0.8387050078430702,-0.17057641460574414,-0.7433804449361658,-0.8985155494411082,-0.45523710507924866,-0.2404983869081938,-0.9933437658442854,0.7944733291478925,0.28281181613417119,1.2262523303699585,-0.10152221700242925,0.5551893289923617,0.5881316611496334,-1.3799969804763833,-0.07379376862083453,0.13512077126155976,0.9389633340476842,0.8508269814079754,-1.097189635885071,-0.907871765836674,-0.2659239540026319,1.3065465864996398,0.7678403172097452,0.16140714525898137,-0.6303578343383771,-0.36004511714047518,-0.49739959887550846,-0.8228057781076816,-0.38304105186045225,-0.7894947563016113,-0.0012837606448397044,-0.3777666375586548,0.6850765075638341],"_maxLifespan":4076,"_generation":28}